ts,rel,level,legit_pps,ca,event
1786644747,0,63.5,0,0,
1786644748,2,64.8,216,0,
1786644749,3,65.7,319,0,
1786644750,4,66.5,205,0,
1786644751,5,67.4,215,0,
1786644752,6,68.5,210,0,
1786644753,7,69.3,214,0,
1786644754,8,70.1,222,0,
1786644755,9,71.1,215,0,
1786644756,10,67.3,211,0,
1786644757,11,63.6,212,0,
1786644758,12,60.3,212,0,
1786644759,13,55.6,212,0,
1786644760,14,52.1,212,0,
1786644761,15,48.4,326,0,
1786644762,16,44.2,209,0,
1786644763,17,41.1,215,0,
1786644764,18,38.1,216,0,
1786644765,19,35.5,215,0,
1786644766,20,31.6,218,0,
1786644767,21,29.2,213,0,
1786644768,22,26.6,210,0,
1786644769,23,29.4,218,0,
1786644771,24,31.5,212,0,
1786644772,26,33.7,220,0,
1786644773,27,35.3,212,0,
1786644774,28,38.0,307,0,
1786644775,29,39.6,211,0,
1786644776,30,41.4,216,0,
1786644777,31,43.7,209,0,
1786644778,32,45.2,212,0,
1786644779,33,46.7,211,0,
1786644780,34,48.6,209,0,
1786644781,35,50.1,221,0,
1786644782,36,51.3,211,0,
1786644783,37,53.1,215,0,
1786644784,38,54.3,214,0,
1786644785,39,55.6,208,0,
1786644786,40,56.7,327,0,
1786644787,41,58.2,214,0,
1786644788,42,59.2,214,0,
1786644789,43,60.4,209,0,
1786644790,44,61.8,210,0,
1786644791,45,62.7,212,0,
1786644792,46,63.6,209,0,
1786644793,47,64.5,213,0,
1786644795,48,65.7,208,0,
1786644796,50,66.6,209,0,
1786644797,51,67.5,219,0,
1786644798,52,68.6,217,0,
1786644799,53,69.3,313,0,
1786644800,54,70.1,211,0,
1786644801,55,70.8,214,0,
1786644802,56,65.7,215,0,
1786644803,57,63.6,213,0,
1786644804,58,60.0,209,0,
1786644805,59,55.0,208,0,
1786644806,60,50.6,322,0,SNORT_RESTART
1786644807,61,47.2,218,0,
1786644808,62,43.1,215,0,
1786644810,63,39.9,210,0,
1786644811,65,36.8,205,0,
1786644812,66,34.0,214,0,
1786644813,67,30.6,219,0,
1786644814,68,27.8,323,0,
1786644815,69,25.7,213,0,
1786644816,70,29.4,214,0,
1786644817,71,32.0,205,0,
1786644818,72,34.2,208,0,
1786644819,73,36.6,213,0,
1786644820,74,38.3,211,0,
1786644821,75,40.1,210,0,
1786644822,76,41.7,210,0,
1786644823,77,43.9,217,0,
1786644824,78,45.4,218,0,
1786644825,79,46.9,214,0,
1786644826,80,48.8,322,0,
1786644827,81,50.3,221,0,
1786644828,82,51.5,210,0,
1786644829,83,52.8,212,0,
1786644830,84,54.6,211,0,
1786644831,85,55.7,215,0,
1786644833,86,56.9,219,0,
1786644834,88,58.3,205,0,
1786644835,89,59.4,212,0,
1786644836,90,60.5,212,0,
1786644837,91,61.0,146,0,
1786644838,92,62.8,238,0,
1786644839,93,63.6,214,0,
1786644840,94,64.9,208,0,
1786644841,95,65.8,212,0,
1786644842,96,66.6,208,0,
1786644843,97,67.8,217,0,
1786644844,98,68.6,218,0,
1786644845,99,69.4,211,0,
1786644846,100,70.1,215,0,
1786644847,101,71.1,207,0,
1786644848,102,66.2,216,0,
1786644849,103,62.4,209,0,
1786644850,104,58.2,327,0,
1786644851,105,55.1,212,0,
1786644852,106,51.2,217,0,
1786644853,107,47.7,210,0,
1786644854,108,43.7,212,0,
1786644855,109,40.5,213,0,
1786644857,110,37.7,211,0,
1786644858,112,33.9,208,0,
1786644859,113,31.1,213,0,
1786644860,114,28.8,202,0,
1786644861,115,26.2,214,0,
1786644862,116,29.1,214,0,
1786644863,117,31.2,318,0,
1786644864,118,33.7,209,0,
1786644865,119,35.5,209,0,
1786644866,120,37.9,217,0,
1786644867,121,39.7,212,0,
1786644868,122,41.3,212,0,
1786644869,123,43.6,221,0,
1786644870,124,45.1,212,0,
1786644871,125,46.7,206,0,
1786644872,126,48.5,210,0,
1786644873,127,49.9,216,0,
1786644874,128,51.2,317,0,
1786644875,129,52.6,219,0,
1786644876,130,54.3,210,0,
1786644877,131,55.4,215,0,
1786644878,132,56.7,212,0,
1786644880,133,58.0,206,0,
1786644881,135,59.2,218,0,
1786644882,136,60.4,212,0,
1786644883,137,61.3,217,0,
1786644884,138,62.7,210,0,
1786644885,139,63.6,210,0,
1786644886,140,64.6,211,0,
1786644887,141,65.8,322,0,
1786644888,142,66.6,212,0,
1786644889,143,67.5,209,0,
1786644890,144,68.2,214,0,
1786644891,145,69.3,213,0,
1786644892,146,70.0,211,0,
1786644893,147,70.8,218,0,
1786644894,148,66.0,217,0,
1786644895,149,63.5,212,0,
1786644896,150,60.0,-1970539,0,CTRL_DISCONNECT
1786644897,151,60.0,-1970539,0,
1786644898,152,60.0,-1970539,0,
1786644899,153,60.0,-1970539,0,
1786644900,154,60.0,-1970539,0,
1786644901,155,None,-1970539,0,
1786644903,156,None,-1970539,0,
1786644904,158,None,-1970539,0,
1786644905,159,None,-1970539,0,
1786644906,160,None,-1970539,0,
1786644907,161,None,-1970539,0,
1786644908,162,None,-1970539,0,
1786644909,163,None,-1970539,0,
1786644910,164,None,-1970539,0,
1786644911,165,None,-1970539,0,
1786644912,166,None,-1970539,0,
1786644913,167,None,-1970539,0,
1786644914,168,None,-1970539,0,
1786644915,169,None,-1970539,0,
1786644916,170,None,-1970539,0,CTRL_RECONNECT
1786644917,171,58.9,-1970483,0,
1786644918,172,58.9,306,0,
1786644919,173,58.9,301,0,
1786644920,174,58.9,316,0,
1786644921,175,58.9,302,0,
1786644922,176,58.9,292,0,
1786644923,177,58.9,319,0,
1786644925,179,58.9,293,0,
1786644926,180,58.9,461,0,
1786644927,181,58.9,313,0,
1786644928,182,58.9,307,0,
1786644929,183,58.9,317,0,
1786644930,184,58.9,160,1,
1786644931,185,58.9,9,1,
1786644932,186,58.9,15,1,
1786644933,187,58.9,9,1,
1786644934,188,58.9,13,1,
1786644935,189,58.9,15,1,
1786644936,190,58.9,9,1,
1786644937,191,58.9,15,1,
1786644938,192,58.9,9,1,
1786644939,193,58.9,9,1,
1786644940,194,58.9,13,1,
1786644941,195,58.9,15,1,
1786644942,196,58.9,9,1,
1786644943,197,58.9,9,1,
1786644944,198,58.9,13,1,
1786644946,199,58.9,11,1,
1786644947,201,58.9,9,1,
1786644948,202,58.9,11,1,
1786644949,203,58.9,10,1,
1786644950,204,58.9,16,1,
1786644951,205,58.9,13,1,
1786644952,206,58.9,18,1,
1786644953,207,58.9,10,1,
1786644954,208,58.9,11,1,
1786644955,209,58.9,12,1,
1786644956,210,58.9,15,1,
1786644957,211,58.9,10,1,
1786644958,212,58.9,9,1,
1786644959,213,58.9,9,1,
1786644960,214,58.9,149,0,
1786644961,215,58.9,452,0,
1786644962,216,58.9,297,0,
1786644963,217,58.9,223,0,
1786644964,218,58.9,447,0,
1786644965,219,58.9,306,0,
1786644967,220,58.9,307,0,
1786644968,222,58.9,327,0,
1786644969,223,58.9,324,0,
1786644970,224,58.9,294,0,
1786644971,225,58.9,298,0,
1786644972,226,58.9,226,1,
1786644973,227,58.9,9,1,
1786644974,228,58.9,17,1,
1786644975,229,58.9,9,1,
1786644976,230,58.9,10,1,
1786644977,231,58.9,9,1,
1786644978,232,58.9,12,1,
1786644979,233,58.9,9,1,
1786644980,234,58.9,12,1,
1786644981,235,58.9,15,1,
1786644982,236,58.9,12,1,
1786644983,237,58.9,10,1,
1786644984,238,58.9,9,1,
1786644985,239,58.9,15,1,
